Name,Rating,Review,Address,State,Phone,Website
VIVE Med Spa,4.9,426,"2353 15th St, Denver, CO 80202, United States",Colorado,+1 720-698-3327,https://www.vivemedspadenver.com/
RESTOR Medical Spa | Central Park,4.9,399,"2373 Central Park Blvd #103, Denver, CO 80238, United States",Colorado,+1 720-388-6244,https://www.restormedicalspa.com/?utm_medium=organic&utm_source=gmblisting&utm_campaign=cp
Rejuvenate MedSpa,5.0,235,"501 S Cherry St #900, Denver, CO 80246, United States",Colorado,+1 303-951-2102,https://www.rejuvenatecolorado.com/?utm_source=google&utm_medium=organic&utm_campaign=gbp&utm_content=denver
RESTOR Medical Spa | LoHi,4.9,289,"2128 W 32nd Ave, Denver, CO 80211, United States",Colorado,+1 720-409-1442,https://www.restormedicalspa.com/?utm_medium=organic&utm_source=GMBlisting&utm_campaign=lohi
The Luxe Room,5.0,"1,162","3900 E Mexico Ave #100, Denver, CO 80210, United States",Colorado,+1 303-222-9546,https://luxeroomcosmetic.com/
VITAHL Medical Aesthetics,4.8,216,"251 Steele St #100, Denver, CO 80206, United States",Colorado,+1 303-388-7380,https://vitahl.com/
PREVA Aesthetics,4.8,554,"4045 N Pecos St UNIT 100, Denver, CO 80211, United States",Colorado,+1 720-415-3992,http://prevaaesthetics.com/
Spa Bella Medispa,4.6,104,"1685 S Colorado Blvd, Denver, CO 80222, United States",Colorado,+1 303-512-9000,https://spabellamedispa.com/
Cherry Medical,4.9,254,"2200 W 29th Ave #102, Denver, CO 80211, United States",Colorado,+1 720-479-8793,https://www.cherrymedispa.com/?utm_source=google&utm_medium=organic&utm_campaign=gbp&utm_content=website%20click
AOB Med Spa,4.9,378,"8400 E Prentice Ave # 1400, Greenwood Village, CO 80111, United States",Colorado,+1 720-637-1320,https://www.aobmedspa.com/
Cherry Creek Med Spa,5.0,67,"90 Madison St #307, Denver, CO 80206, United States",Colorado,+1 720-422-6636,https://www.thecherrycreekmedspa.com/
Look Lab Med Spa,5.0,135,"4164 E 8th Pl, Denver, CO 80220, United States",Colorado,+1 720-995-5665,https://looklab.com/locations/denver-co/
Gleam Medical Spa,4.9,587,"300 S Jackson St # 100, Denver, CO 80209, United States",Colorado,+1 720-594-4142,https://gleammedspa.com/?utm_source=GBP&utm_medium=organic
Facial Aesthetics - Cherry Creek,4.8,431,"220 Josephine St Unit 200, Denver, CO 80206, United States",Colorado,+1 303-963-9131,https://facialaestheticsinc.com/?utm_source=google-gbp&utm_medium=organic&utm_campaign=gbp
Dream Medspa,4.9,373,"695 S Colorado Blvd Ste 300, Denver, CO 80246, United States",Colorado,+1 720-676-8965,https://denverdreammedspa.com/
ESSE Med Spa + PMU,5.0,225,"1720 S Bellaire St #905, Denver, CO 80222, United States",Colorado,+1 303-900-8833,https://www.essemedspa.com/
VIO Med Spa,4.7,146,"200 Quebec St, Denver, CO 80230, United States",Colorado,+1 720-902-4846,https://www.viomedspa.com/locations/lowry
La Fontaine Aesthetics,4.8,174,"2774 E 2nd Ave, Denver, CO 80206, United States",Colorado,+1 303-355-4772,https://www.denverfusionspa.com/?utm_source=GMBlisting&utm_medium=organic&utm_campaign=gmb
Beautiful Skin Denver,4.9,232,"1204 W 38th Ave, Denver, CO 80211, United States",Colorado,+1 303-309-0665,https://beautifulskindenver.com/?utm_source=google&utm_medium=organic&utm_campaign=gbp-listing
ReDerm MD Medical Spa,4.9,122,"4500 Cherry Creek S Dr # 550, Denver, CO 80246, United States",Colorado,+1 720-550-6476,https://www.redermmd.com/
Redbud Medical Spa,4.9,54,"2345 7th St Suite 202, Denver, CO 80211, United States",Colorado,+1 720-593-8844,https://www.redbudmedicalspa.com/?utm_source=google&utm_medium=gmb
Novuskin Med Spa Denver,4.5,703,"8200 E Belleview Ave Ste 100E, Greenwood Village, CO 80111, United States",Colorado,+1 720-779-3392,https://www.novuskin.com/med-spa-denver/
Denver Botox: GATTONI Medical Aesthetics,5.0,194,"250 Steele St Suite 214, Denver, CO 80206, United States",Colorado,+1 720-923-2200,https://www.gattonimed.com/
La Beauté Aesthetics powered by Marigevity,4.9,76,"4433 W 29th Ave #109, Denver, CO 80212, United States",Colorado,+1 720-310-3536,https://www.labeauteaesthetics.com/
Timeless Skin & Wellness,4.9,211,"2795 N, Speer Blvd #11, Denver, CO 80211, United States",Colorado,+1 303-800-1821,https://www.timelesssandw.com/
Evolv Wellness MedSpa,4.6,23,"7488 E 29th Ave, Denver, CO 80238, United States",Colorado,+1 720-765-5241,https://evolvwellnessmedspa.com/
Highline Aesthetics,5.0,64,"39 W 11th Ave, Denver, CO 80204, United States",Colorado,+1 720-707-0152,http://www.highlineaesthetics.com/denvermenu
RR Skin Bar,5.0,108,"4411 Yates St #105, Denver, CO 80212, United States",Colorado,+1 720-780-1014,http://rrskinbar.com/
Elixir Aesthetics,4.9,101,"2949 Federal Blvd Ste 215, Denver, CO 80211, United States",Colorado,+1 720-638-2178,https://elixiraestheticsspa.com/
Smoothe Denver,5.0,571,"4500 E 9th Ave #100, Denver, CO 80220, United States",Colorado,+1 303-990-1905,https://smoothedenver.com/
OVME,4.9,343,"180 Clayton Ln, Denver, CO 80206, United States",Colorado,+1 720-784-6863,https://ovme.com/pages/cherry-creek-denver-co?utm_source=google&utm_medium=organic&utm_campaign=cherrycreek&utm_content=gmb
Brilliant Beauty Medical Spa,5.0,11,"6365 E Hampden Ave #103, Denver, CO 80222, United States",Colorado,+1 720-256-9993,https://brilliantbeautyspa.com/
Aspire Medical Spa - Edgewater,4.8,112,"2255 Sheridan Boulevard B, Edgewater, CO 80214, United States",Colorado,+1 720-638-4863,http://denvermedispa.com/?y_source=1_MTA4OTAxNjI1Ny03MTUtbG9jYXRpb24ud2Vic2l0ZQ%3D%3D
Ageless Aesthetics Med Spa,4.8,18,"300 S Jackson St Suite 230, Denver, CO 80209, United States",Colorado,+1 303-320-1515,http://aamedspa.com/
Alluvion Aesthetics,5.0,150,"2240 Clay St # 102, Denver, CO 80211, United States",Colorado,+1 303-558-2980,http://alluvionaesthetics.com/
Foxy Med Spa by Hope,5.0,40,"1777 S Harrison St Suite 1200 office 3, Denver, CO 80246, United States",Colorado,+1 720-495-0839,https://www.vagaro.com/foxymedicalspabyhope/services
Contour Collection,5.0,213,"1071 S Gaylord St, Denver, CO 80209, United States",Colorado,+1 720-629-8921,http://contourcollection.com/
Skinsanity,5.0,240,"2888 Fairfax St, Denver, CO 80207, United States",Colorado,+1 720-485-8118,http://www.skinsanityco.com/
Glowhaus,4.9,74,"1776 S Jackson St Ste. #802, Denver, CO 80210, United States",Colorado,+1 720-592-6556,http://www.glowhausdenver.com/
Raval Facial Aesthetics,4.9,666,"3773 Cherry Creek N Dr UNIT 132, Denver, CO 80209, United States",Colorado,+1 303-381-3223,https://www.ravalmd.com/gbp
Denver Laser Solutions,4.8,157,"1325 Glenarm Pl, Denver, CO 80204, United States",Colorado,+1 303-807-4333,https://denverlasersolutions.com/?utm_campaign=SEO&utm_medium=GBP&utm_source=website-click
Skin Mix Med Spa,5.0,54,"4350 Alcott St, Denver, CO 80211, United States",Colorado,+1 720-273-4453,https://skin-mix.com/
Rejuvenate MedSpa,5.0,701,"755 Heritage Rd STE 100, Golden, CO 80401, United States",Colorado,+1 303-279-6100,https://www.rejuvenatecolorado.com/?utm_source=google&utm_medium=organic&utm_campaign=gbp&utm_content=golden
Laser Beauty Works,4.9,299,"3141 Irving St #202, Denver, CO 80211, United States",Colorado,+1 720-315-6677,https://www.laserbeautyworks.com/
Let's Face It Med Spa,5.0,40,"5665 Beeler St Unit 110, Denver, CO 80238, United States",Colorado,+1 720-624-6782,https://www.letsfaceitmedspa.com/
SkinCeuticals SkinLab Denver by The Center for Cosmetic Surgery,5.0,131,"4326 Tennyson St, Denver, CO 80212, United States",Colorado,+1 720-736-8187,https://www.skinlabcolorado.com/
Adore Aesthetix,5.0,287,"1221 S Clarkson St #300, Denver, CO 80210, United States",Colorado,+1 303-513-0196,https://www.adoremedspa.com/
Natura Med Spa & IV Bar - Cherry Creek,4.9,181,"357 S Colorado Blvd, Denver, CO 80246, United States",Colorado,+1 720-599-4126,https://naturamedspaivbar.com/
Cheeky Denver,5.0,415,"1525 N Raleigh St #300, Denver, CO 80204, United States",Colorado,+1 720-515-0720,https://cheekydenver.com/
Skintonomy Medical Spa,5.0,52,"486 S Broadway, Denver, CO 80209, United States",Colorado,+1 720-933-7005,https://skintonomymed.com/
JuicyFace,5.0,53,"3000 E 1st Ave #114, Denver, CO 80206, United States",Colorado,+1 720-807-6981,https://juicyfacemedspa.com/
GLAM AESTHETICS,4.8,76,"1321 S Broadway, Denver, CO 80210, United States",Colorado,+1 720-456-7985,https://www.glammedispa.com/
Simply Injectables,4.9,162,"3141 Irving St, Denver, CO 80211, United States",Colorado,+1 303-888-0103,http://www.simplyinjectablesdenver.com/
Nurture Skin & Wellness Studio,5.0,91,"90 Madison St #201, Denver, CO 80206, United States",Colorado,+1 720-717-0688,https://www.nurtureskinstudioco.com/
Timeless MedSpa,5.0,51,"1221 S Clarkson St #112, Denver, CO 80210, United States",Colorado,+1 269-655-6001,http://timeless-medicalspa.com/
Grand Salon & MedSpa,4.8,410,"3501 Kalamath St, Denver, CO 80211, United States",Colorado,+1 303-572-1435,https://grand-salon.com/
Luna Aesthetics,5.0,35,"100 S Madison St # 6B, Denver, CO 80209, United States",Colorado,+1 303-359-6355,https://lunaaesthetics.com/
Skin! Medical Aesthetics,4.9,72,"3405 N Downing St suite b, Denver, CO 80205, United States",Colorado,+1 720-227-1277,http://www.skindenver.co/
Luminous Medical Aesthetics,4.8,23,"90 Madison St #104, Denver, CO 80206, United States",Colorado,+1 303-968-1219,http://www.luminousmedicalaesthetics.net/?utm_source=google&utm_medium=wix_google_business_profile&utm_campaign=13272981055682661674
Aspire Medical Spa - RiNo,5.0,10,"3583 Wynkoop St, Denver, CO 80216, United States",Colorado,+1 720-670-2983,https://denvermedispa.com/
SkinSpirit Greenwood Village (Denver Tech Center),5.0,250,"8000 E Belleview Ave, Greenwood Village, CO 80111, United States",Colorado,+1 720-802-1100,https://www.skinspirit.com/locations/denver-greenwood-village/
Glam Clinic,5.0,32,"8801 E Hampden Ave, Denver, CO 80231, United States",Colorado,+1 720-319-7871,https://www.glamclinic303.com/
Injector 5280,5.0,169,"2435 W 44th Ave, Denver, CO 80211, United States",Colorado,+1 303-801-0041,http://www.injector5280.com/
Tone Medical Aesthetics,5.0,38,"3900 E Mexico Ave #510, Denver, CO 80210, United States",Colorado,+1 720-370-0503,https://tonemedspa.com/
Raw Rituale Skin & Body,5.0,58,"335 Holly St A, Denver, CO 80220, United States",Colorado,+1 303-229-8292,https://www.rawrituale.com/
HD Aesthetic Wellness,5.0,29,"950 S Cherry St suite 1675, Denver, CO 80246, United States",Colorado,+1 720-926-3522,http://www.hdaestheticwellness.com/?utm_source=google&utm_medium=wix_google_business_profile&utm_campaign=1439544286826673856
Eleven11 Laser + Skincare,5.0,136,"3195 Blake St Suite #102, Denver, CO 80205, United States",Colorado,+1 720-556-4505,http://eleven11spa.com/
Eunoia Med Spa,5.0,137,"5295 DTC Pkwy, Greenwood Village, CO 80111, United States",Colorado,+1 303-349-5032,http://eunoiamedspa.com/
AAFE Medspa Denver,5.0,46,"7400 E Crestline Cir suite 220, Greenwood Village, CO 80111, United States",Colorado,+1 303-228-9785,https://aafemedspa.com/denver/
Glow Garden Aesthetics,5.0,34,"1111 Osage St UNIT 12, Denver, CO 80204, United States",Colorado,+1 303-558-6437,http://www.theglowloftdenver.com/
Hellenic Laser Spa,4.6,134,"7465 E 1st Ave suite c, Denver, CO 80230, United States",Colorado,+1 303-366-3222,https://helleniclaserspa.com/local/
Perfect Skin Habit,4.7,42,"3258 Larimer St Suite 300B, Denver, CO 80205, United States",Colorado,+1 303-551-0065,http://www.perfectskinhabit.com/
Rejuv Skin Spa,4.8,21,"496 S Vine St, Denver, CO 80209, United States",Colorado,+1 720-334-3477,https://rejuvskinspa.com/
Evexias Medical Spa Denver,5.0,432,"2696 S Colorado Blvd Suite 110, Denver, CO 80222, United States",Colorado,+1 720-625-8043,https://evexiasdenver.com/
Alchemy Face Bar Highlands | Denver,4.9,299,"4343 W 44th Ave, Denver, CO 80212, United States",Colorado,+1 303-284-2890,http://www.alchemyfacebar.com/
SER Beauty Aesthetics Med Spa - Denver,5.0,28,"4045 S Broadway, Englewood, CO 80113, United States",Colorado,+1 720-591-1424,https://serbeautyaesthetics.glossgenius.com/
Allure De Brazil Med Spa,4.7,26,"3330 E 1st Ave Suite 11, Denver, CO 80206, United States",Colorado,+1 720-347-1827,http://thinkallure.com/
TRUTH Med Spa,5.0,151,"710 Kipling St #408, Lakewood, CO 80215, United States",Colorado,+1 720-653-1131,https://truthmedspa.biz/?utm_source=google&utm_medium=organic&utm_campaign=gbp
Jack Zamora MD Cosmetic Surgery and Aesthetics,4.8,147,"2717 E 3rd Ave, Denver, CO 80206, United States",Colorado,,http://www.jackzamoramd.com/
SYN Wellness Center,5.0,14,"3405 N Downing St suite b, Denver, CO 80205, United States",Colorado,+1 720-902-9597,http://synwellnessdenver.com/
"Revive Medical Spa, Denver CO",5.0,9,"3000 E 1st Ave Suite 144-27, Denver, CO 80206, United States",Colorado,+1 720-248-7355,https://revivedripmedspa.com/
Ideal Image Denver,4.5,647,"915 S Colorado Blvd, Denver, CO 80246, United States",Colorado,+1 720-615-0855,https://www.idealimage.com/locations/colorado/colorado-blvd?utm_medium=yext&utm_source=extnet
Dermal Advantage Spa,4.8,23,"1805 S Bellaire St Suite 125, Denver, CO 80222, United States",Colorado,+1 720-335-6708,https://dermaladvantagespa.com/
Anova Aesthetics at Gleam Med Spa,5.0,10,"300 S Jackson St, Denver, CO 80209, United States",Colorado,+1 303-507-7823,https://anovaaesthetics.com/
Brows & Beauty Med Spa,4.9,157,"9145 E Kenyon Ave, Denver, CO 80237, United States",Colorado,+1 720-298-4266,https://www.bnbmedspa.com/
KM Aesthetics,4.9,40,"620 E 17th Ave, Denver, CO 80203, United States",Colorado,,http://www.highaltitudeskin.com/
SOLEIL AESTHETICS,5.0,95,"3832 Tennyson St Unit A, Denver, CO 80212, United States",Colorado,+1 720-366-5840,https://www.soleilskinstudio.com/
Signal Skin Science,5.0,124,"1735 E 17th Ave, Denver, CO 80218, United States",Colorado,+1 720-334-8030,https://www.signalskinscience.com/
Glitzy MD Denver | Tirzepatide | Hormone Therapy | Weight Loss | IV Therapy | MSC Exosomes,4.8,186,"2871 N Speer Blvd, Denver, CO 80211, United States",Colorado,+1 303-981-4485,https://glitzymedicalspa.com/
Liv + Lo Beauty and Wellness Collective,4.9,36,"5354 W 25th Ave, Edgewater, CO 80214, United States",Colorado,+1 720-330-5145,https://www.liv-and-lo.com/
Land Aesthetics,4.9,28,"2644 Walnut St, Denver, CO 80205, United States",Colorado,+1 910-262-5187,https://landaesthetics.glossgenius.com/
Embody Medical Aesthetics,5.0,16,"2949 Federal Blvd Suite #228, Denver, CO 80211, United States",Colorado,+1 720-515-9085,http://embodymedical.com/
Natura Med Spa & IV Bar,5.0,"1,782","6755 S Cornerstar Way Suite A, Aurora, CO 80016, United States",Colorado,+1 720-821-6739,http://www.naturamedspaivbar.com/
Root Medical Aesthetics,5.0,50,"3330 E 1st Ave Studio 19, Denver, CO 80206, United States",Colorado,+1 520-305-0338,http://www.rootmedaesthetics.com/
Ra Aesthetics,5.0,9,"1495 York St #104, Denver, CO 80206, United States",Colorado,+1 303-997-8960,https://ramedicalaesthetics.com/
Twin Rivers IV & Wellness Lounge,4.9,363,"1562 S Pearl St, Denver, CO 80210, United States",Colorado,+1 720-883-1665,http://www.twinriversiv.com/
Kalon Laser Aesthetics,5.0,162,"1951 Wazee St Suite 210, Denver, CO 80202, United States",Colorado,+1 720-628-1177,http://kalonlaser.com/?utm_source=google&utm_medium=organic&utm_campaign=gbp
Alchemy Face Bar Hale | Denver,4.8,197,"4300 E 8th Ave, Denver, CO 80220, United States",Colorado,+1 720-510-3311,http://www.alchemyfacebar.com/
Defy Medical Spa,5.0,14,"1035 S Gaylord St, Denver, CO 80209, United States",Colorado,+1 720-288-0880,http://www.defymedicalspa.com/
Denver Plastic Surgery and Aesthetics,4.8,163,"4600 E Hale Pkwy #330, Denver, CO 80220, United States",Colorado,+1 720-307-4562,https://denverplasticsurgery.com/
Allure Med Spa,4.7,136,"38 E 5th Ave suite 140, Denver, CO 80203, United States",Colorado,+1 720-363-8623,https://allureskincareandlash.com/
Kitto Katto Skincare,5.0,237,"601 Corona St, Denver, CO 80218, United States",Colorado,+1 303-339-0209,https://www.kittokattoskincare.com/
Angel Aesthetics,4.6,112,"3400 E Bayaud Ave Suite #333, Denver, CO 80209, United States",Colorado,+1 303-324-2114,http://skincarebyangel.com/
Avante Cosmetic,5.0,61,"425 S Cherry St #635, Denver, CO 80246, United States",Colorado,+1 720-352-4447,https://www.avantecosmetic.com/
Tran Zen Med Spa,5.0,30,"162 Adams St #200b, Denver, CO 80206, United States",Colorado,+1 720-682-0703,
DABELA MED SPA,4.7,13,"6625 Leetsdale Dr D, Denver, CO 80224, United States",Colorado,+1 720-573-3976,https://www.dabelamedspa.com/
Boujee Nurse,5.0,114,"1111 Broadway #301, Denver, CO 80203, United States",Colorado,+1 303-900-8751,http://www.boujeenurse.com/
ART Aesthetics Denver,5.0,8,"323 S Pearl St #30, Denver, CO 80209, United States",Colorado,+1 630-433-6789,http://www.artaestheticsdenver.com/
ClubInject®,4.8,76,"403 16th St Mall Suite 330, Denver, CO 80202, United States",Colorado,+1 480-576-2246,https://www.clubinject.com/
Teo Aesthetics,5.0,68,"1735 E 17th Ave #1, Denver, CO 80218, United States",Colorado,+1 720-419-0369,https://teoaesthetics.com/?utm_source=google&utm_medium=organic&utm_campaign=gbp
The Babylon House,5.0,12,"455 Sherman St Suite 455, Denver, CO 80203, United States",Colorado,+1 303-955-0479,https://babylon-house-test.webflow.io/?utm_source=google&utm_medium=organic&utm_campaign=gbp
ANYASolutions,5.0,30,"899 Logan St #407, Denver, CO 80203, United States",Colorado,+1 303-284-8674,https://www.anyasolutions.com/
Foxy Laser,5.0,170,"609 Speer Blvd #240, Denver, CO 80203, United States",Colorado,+1 913-626-8128,https://www.foxylaser.com/
LaserAway Denver,4.6,512,"4076 E 9th Ave, Denver, CO 80220, United States",Colorado,+1 303-900-7170,https://www.laseraway.com/locations/co/denver-cherry-creek/?utm_source=google&utm_medium=organic&utm_campaign=website-link
Aeterna Aesthetics,4.7,44,"2535 17th St suite d, Denver, CO 80211, United States",Colorado,+1 720-909-3565,https://www.aeternaaesthetics.com/
Balanced Aesthetics & Wellness,5.0,30,"1221 S Clarkson St #300, Denver, CO 80210, United States",Colorado,+1 720-218-3170,https://www.balancedaestheticsdenver.com/?utm_source=google&utm_medium=organic&utm_campaign=gbp
Spa In the City,4.9,73,"136 Kalamath St, Denver, CO 80223, United States",Colorado,+1 303-320-5773,http://www.spainthecity.biz/
SKIN BY NARI,5.0,50,"3405 N Downing St, Denver, CO 80205, United States",Colorado,+1 720-902-9597,
Clinic Ellena | Aesthetics (Inside Face Foundrie Cherry Creek),5.0,12,"2630 E 3rd Ave, Denver, CO 80206, United States",Colorado,+1 952-500-0577,https://www.ellenaaesthetics.com/
Glow Facial Bar,4.8,307,"2808 E 6th Ave, Denver, CO 80206, United States",Colorado,+1 720-269-4430,http://www.glowfacialbardenver.com/
